Sumo__Time	Sumo__Plant__Primary1__param__fXTSS_sludge	Sumo__Plant__Primary1__param__Qsludge_target
1	0.619469027	20000
2	0.676470588	20000
3	0.653061224	20000
4	0.647727273	20000
5	0.684210526	20000
6	0.680272109	20000
7	0.648	20000
8	0.634782609	20000
9	0.649193548	20000
10	0.598159509	20000
11	0.528	20000
12	0.521929825	20000
13	0.5625	20000
14	0.608247423	20000
15	0.594444444	20000
16	0.585858586	20000
17	0.567460317	20000
18	0.438356164	20000
19	0.627659574	20000
20	0.655963303	20000
21	0.56626506	20000
22	0.720338983	20000
23	0.709401709	20000
24	0.610576923	20000
25	0.575471698	20000
26	0.601769912	20000
27	0.767045455	20000
28	0.754189944	20000
29	0.612612613	20000
30	0.607843137	20000
31	0.450819672	20000
32	0.434782609	20000
33	0.633587786	20000
34	0.618181818	20000
35	0.696319018	20000
36	0.559322034	20000
37	0.577777778	20000
38	0.746212121	20000
39	0.566666667	20000
40	0.581081081	20000
41	0.620689655	20000
42	0.509259259	20000
43	0.58411215	20000
44	0.494565217	20000
45	0.574074074	20000
46	0.561904762	20000
47	0.650406504	20000
48	0.641221374	20000
49	0.72972973	20000
50	0.637614679	20000
51	0.618110236	20000
52	0.642857143	20000
53	0.709677419	20000
54	0.725806452	20000
55	0.770661157	20000
56	0.820866142	20000
57	0.693277311	20000
58	0.789473684	20000
59	0.755882353	20000
60	0.782222222	20000
61	0.52173913	20000
62	0.524691358	20000
63	0.489130435	20000
64	0.577669903	20000
65	0.679577465	20000
66	0.712230216	20000
67	0.371428571	20000
68	0.581521739	20000
69	0.669291339	20000
70	0.771523179	20000
71	0.586363636	20000
72	0.603448276	20000
73	0.588235294	20000
74	0.635416667	20000
75	0.682352941	20000
76	0.725903614	20000
77	0.789041096	20000
78	0.677165354	20000
79	0.747706422	20000
80	0.530434783	20000
81	0.686666667	20000
82	0.629411765	20000
83	0.615131579	20000
84	0.628676471	20000
85	0.801932367	20000
86	0.600840336	20000
87	0.462365591	20000
88	0.610655738	20000
89	0.665841584	20000
90	0.413043478	20000
91	0.509803922	20000
92	0.471014493	20000
93	0.762820513	20000
94	0.617647059	20000
95	0.519417476	20000
96	0.474747475	20000
97	0.142857143	20000
98	0.307692308	20000
99	0.430769231	20000
100	0.675531915	20000
101	0.62406015	20000
102	0.62371134	20000
103	0.666666667	20000
104	0.623809524	20000
105	0.780748663	20000
106	0.694915254	20000
107	0.664335664	20000
108	0.60326087	20000
109	0.628378378	20000
110	0.745	20000
111	0.826254826	20000
112	0.45	20000
113	0.705645161	20000
114	0.704678363	20000
115	0.684375	20000
116	0.682119205	20000
117	0.69760479	20000
118	0.53515625	20000
119	0.575892857	20000
120	0.760869565	20000
121	0.654639175	20000
122	0.56372549	20000
123	0.643835616	20000
124	0.801652893	20000
125	0.67961165	20000
126	0.342592593	20000
127	0.558823529	20000
128	0.525	20000
129	0.644067797	20000
130	0.792207792	20000
131	0.827160494	20000
132	0.75203252	20000
133	0.588709677	20000
134	0.631067961	20000
135	0.634146341	20000
136	0.751351351	20000
137	0.721804511	20000
138	0.754601227	20000
139	0.715277778	20000
140	0.687919463	20000
141	0.743119266	20000
142	0.696153846	20000
143	0.75862069	20000
144	0.756410256	20000
145	0.785714286	20000
146	0.616666667	20000
147	0.674418605	20000
148	0.702702703	20000
149	0.661016949	20000
150	0.654929577	20000
151	0.756613757	20000
152	0.825	20000
153	0.670918367	20000
154	0.646666667	20000
155	0.664383562	20000
156	0.626865672	20000
157	0.661111111	20000
158	0.60130719	20000
159	0.748587571	20000
160	0.608695652	20000
161	0.677083333	20000
162	0.635220126	20000
163	0.491935484	20000
164	0.575581395	20000
165	0.650485437	20000
166	0.710344828	20000
167	0.743589744	20000
168	0.698275862	20000
169	0.670138889	20000
170	0.689119171	20000
171	0.702898551	20000
172	0.630890052	20000
173	0.620283019	20000
174	0.610497238	20000
175	0.801960784	20000
176	0.765	20000
177	0.702312139	20000
178	0.639751553	20000
179	0.77016129	20000
180	0.611111111	20000
181	0.668367347	20000
182	0.753246753	20000
183	0.623809524	20000
184	0.643410853	20000
185	0.614754098	20000
186	0.718954248	20000
187	0.682857143	20000
188	0.733333333	20000
189	0.676056338	20000
190	0.685897436	20000
191	0.641935484	20000
192	0.780269058	20000
193	0.637820513	20000
194	0.795212766	20000
195	0.742857143	20000
196	0.779187817	20000
197	0.777142857	20000
198	0.707602339	20000
199	0.728813559	20000
200	0.738219895	20000
201	0.656666667	20000
202	0.68258427	20000
203	0.74127907	20000
204	0.754658385	20000
205	0.688811189	20000
206	0.681528662	20000
207	0.673758865	20000
208	0.735294118	20000
209	0.561068702	20000
210	0.706586826	20000
211	0.620967742	20000
212	0.674342105	20000
213	0.69005848	20000
214	0.76534296	20000
215	0.794425087	20000
216	0.70531401	20000
217	0.79787234	20000
218	0.526315789	20000
219	0.697222222	20000
220	0.622699387	20000
221	0.70995671	20000
222	0.685	20000
223	0.53038674	20000
224	0.605882353	20000
225	0.6	20000
226	0.669014085	20000
227	0.68	20000
228	0.551020408	20000
229	0.697142857	20000
230	0.63963964	20000
231	0.644970414	20000
232	0.705357143	20000
233	0.637681159	20000
234	0.704761905	20000
235	0.652173913	20000
236	0.659217877	20000
237	0.677419355	20000
238	0.609677419	20000
239	0.681818182	20000
240	0.560509554	20000
241	0.558441558	20000
242	0.654867257	20000
243	0.69005848	20000
244	0.649350649	20000
245	0.721264368	20000
246	0.595419847	20000
247	0.705202312	20000
248	0.594890511	20000
249	0.586614173	20000
250	0.678571429	20000
251	0.5546875	20000
252	0.600775194	20000
253	0.594594595	20000
254	0.647058824	20000
255	0.6	20000
256	0.565972222	20000
257	0.606666667	20000
258	0.635416667	20000
259	0.636363636	20000
260	0.629746835	20000
261	0.68128655	20000
262	0.72972973	20000
263	0.568965517	20000
264	0.629213483	20000
265	0.671794872	20000
266	0.805232558	20000
267	0.54887218	20000
268	0.632911392	20000
269	0.774891775	20000
270	0.632352941	20000
271	0.649700599	20000
272	0.673913043	20000
273	0.653125	20000
274	0.625	20000
275	0.674157303	20000
276	0.573619632	20000
277	0.539473684	20000
278	0.62849162	20000
279	0.708933718	20000
280	0.658914729	20000
281	0.342657343	20000
282	0.648	20000
283	0.643258427	20000
284	0.588607595	20000
285	0.278481013	20000
286	0.801724138	20000
287	0.768965517	20000
288	0.785714286	20000
289	0.583941606	20000
290	0.608391608	20000
291	0.693989071	20000
292	0.675925926	20000
293	0.759530792	20000
294	0.635359116	20000
295	0.606896552	20000
296	0.620879121	20000
297	0.789090909	20000
298	0.631578947	20000
299	0.702185792	20000
300	0.679878049	20000
301	0.604477612	20000
302	0.669291339	20000
303	0.604519774	20000
304	0.732758621	20000
305	0.732984293	20000
306	0.674846626	20000
307	0.490909091	20000
308	0.52173913	20000
309	0.442477876	20000
310	0.635220126	20000
311	0.593023256	20000
312	0.491803279	20000
313	0.648854962	20000
314	0.595238095	20000
315	0.68128655	20000
316	0.672535211	20000
317	0.615384615	20000
318	0.706818182	20000
319	0.300531915	20000
320	0.510067114	20000
321	0.624666667	20000
322	0.467532468	20000
323	0.457446809	20000
324	0.378787879	20000
325	0.666666667	20000
326	0.586206897	20000
327	0.596551724	20000
328	0.768907563	20000
329	0.731578947	20000
330	0.786561265	20000
331	0.67032967	20000
332	0.687861272	20000
333	0.685483871	20000
334	0.722222222	20000
335	0.653846154	20000
336	0.651639344	20000
337	0.591269841	20000
338	0.615646259	20000
339	0.518518519	20000
340	0.716666667	20000
341	0.742616034	20000
342	0.6925	20000
343	0.657142857	20000
344	0.487394958	20000
345	0.562130178	20000
346	0.520408163	20000
347	0.552147239	20000
348	0.686098655	20000
349	0.641025641	20000
350	0.609467456	20000
351	0.57615894	20000
352	0.688212928	20000
353	0.591194969	20000
354	0.637254902	20000
355	0.634868421	20000
356	0.706467662	20000
357	0.711734694	20000
358	0.573529412	20000
359	0.558823529	20000
360	0.555084746	20000
361	0.588235294	20000
362	0.604166667	20000
363	0.596774194	20000
364	0.679012346	20000
365	0.56097561	20000
