Sumo__Time	Sumo__Plant__Influent__param__Q
0	24000
0.041666667	24000
0.083333333	24000
0.125	24000
0.166666667	24000
0.208333333	24000
0.25	24000
0.291666667	24000
0.333333333	24000
0.375	24000
0.416666667	24000
0.458333333	24000
0.5	24000
0.541666667	24000
0.583333333	24000
0.625	24000
0.666666667	24000
0.708333333	24000
0.75	24000
0.791666667	24000
0.833333333	24000
0.875	24000
0.916666667	24000
0.958333333	24000
1	24000
1.041666667	24000
1.083333333	24000
1.125	24000
1.166666667	24000
1.208333333	24000
1.25	24000
1.291666667	24000
1.333333333	24000
1.375	24000
1.416666667	24000
1.458333333	24000
1.5	24000
1.541666667	24000
1.583333333	24000
1.625	24000
1.666666667	24000
1.708333333	24000
1.75	24000
1.791666667	24000
1.833333333	24000
1.875	24000
1.916666667	24000
1.958333333	24000
2	24000
2.041666667	24000
2.083333333	24000
2.125	24000
2.166666667	24000
2.208333333	24000
2.25	24000
2.291666667	24000
2.333333333	24000
2.375	24000
2.416666667	24000
2.458333333	24000
2.5	24000
2.541666667	24000
2.583333333	24000
2.625	24000
2.666666667	24000
2.708333333	24000
2.75	24000
2.791666667	24000
2.833333333	24000
2.875	24000
2.916666667	24000
2.958333333	24000
3	24000
3.041666667	24000
3.083333333	24000
3.125	24000
3.166666667	24000
3.208333333	24000
3.25	24000
3.291666667	24000
3.333333333	24000
3.375	24000
3.416666667	24000
3.458333333	24000
3.5	24000
3.541666667	24000
3.583333333	24000
3.625	24000
3.666666667	24000
3.708333333	24000
3.75	24000
3.791666667	24000
3.833333333	24000
3.875	24000
3.916666667	24000
3.958333333	24000
4	24000
4.041666667	24000
4.083333333	24000
4.125	24000
4.166666667	24000
4.208333333	24000
4.25	24000
4.291666667	24000
4.333333333	24000
4.375	24000
4.416666667	24000
4.458333333	24000
4.5	24000
4.541666667	24000
4.583333333	24000
4.625	24000
4.666666667	24000
4.708333333	24000
4.75	24000
4.791666667	24000
4.833333333	24000
4.875	24000
4.916666667	24000
4.958333333	24000
5	24000
5.041666667	24000
5.083333333	24000
5.125	24000
5.166666667	24000
5.208333333	24000
5.25	24000
5.291666667	24000
5.333333333	24000
5.375	24000
5.416666667	24000
5.458333333	24000
5.5	24000
5.541666667	24000
5.583333333	24000
5.625	24000
5.666666667	24000
5.708333333	24000
5.75	24000
5.791666667	24000
5.833333333	24000
5.875	24000
5.916666667	24000
5.958333333	24000
6	24000
6.041666667	24000
6.083333333	24000
6.125	24000
6.166666667	24000
6.208333333	24000
6.25	24000
6.291666667	24000
6.333333333	24000
6.375	24000
6.416666667	24000
6.458333333	24000
6.5	24000
6.541666667	24000
6.583333333	24000
6.625	24000
6.666666667	24000
6.708333333	24000
6.75	24000
6.791666667	24000
6.833333333	24000
6.875	24000
6.916666667	24000
6.958333333	24000
7	24000
7.041666667	24000
7.083333333	24000
7.125	24000
7.166666667	24000
7.208333333	24000
7.25	24000
7.291666667	24000
7.333333333	24000
7.375	24000
7.416666667	24000
7.458333333	24000
7.5	24000
7.541666667	24000
7.583333333	24000
7.625	24000
7.666666667	24000
7.708333333	24000
7.75	24000
7.791666667	24000
7.833333333	24000
7.875	24000
7.916666667	24000
7.958333333	24000
8	24000
8.041666667	24000
8.083333333	24000
8.125	24000
8.166666667	24000
8.208333333	24000
8.25	24000
8.291666667	24000
8.333333333	24000
8.375	24000
8.416666667	24000
8.458333333	24000
8.5	24000
8.541666667	24000
8.583333333	24000
8.625	24000
8.666666667	24000
8.708333333	24000
8.75	24000
8.791666667	24000
8.833333333	24000
8.875	24000
8.916666667	24000
8.958333333	24000
9	24000
9.041666667	24000
9.083333333	24000
9.125	24000
9.166666667	24000
9.208333333	24000
9.25	24000
9.291666667	24000
9.333333333	24000
9.375	24000
9.416666667	24000
9.458333333	24000
9.5	24000
9.541666667	24000
9.583333333	24000
9.625	24000
9.666666667	24000
9.708333333	24000
9.75	24000
9.791666667	24000
9.833333333	24000
9.875	24000
9.916666667	24000
9.958333333	24000
10	24000